customer_id,first_name,last_name,email,company_name,phone
C001,John,Doe,john.doe@email.com,TechCorp Inc,555-0101
C002,Jane,Smith,jane.smith@email.com,DataSoft LLC,555-0102
C003,Michael,Johnson,michael.j@email.com,CloudBase Systems,555-0103
C004,Emily,Williams,emily.w@email.com,TechCorp Inc,555-0104
C005,David,Brown,david.b@email.com,InnovateTech,555-0105
